video,csv,summary
-GpvLzopst8.mp4,output\state_encodings_-GpvLzopst8_20260201_121946.csv,output\encoding_summary_-GpvLzopst8_20260201_121946.csv
-r48Lr-jBSI.mp4,output\state_encodings_-r48Lr-jBSI_20260201_122022.csv,output\encoding_summary_-r48Lr-jBSI_20260201_122022.csv
-UQZMlA_xEs.mp4,output\state_encodings_-UQZMlA_xEs_20260201_122059.csv,output\encoding_summary_-UQZMlA_xEs_20260201_122059.csv
08PPPXtzN4A.mp4,output\state_encodings_08PPPXtzN4A_20260201_122136.csv,output\encoding_summary_08PPPXtzN4A_20260201_122136.csv
0IPAgFHyRVI.mp4,output\state_encodings_0IPAgFHyRVI_20260201_122212.csv,output\encoding_summary_0IPAgFHyRVI_20260201_122212.csv
0NixrF6Mt00.mp4,output\state_encodings_0NixrF6Mt00_20260201_122248.csv,output\encoding_summary_0NixrF6Mt00_20260201_122248.csv
1tBtgW63TVI.mp4,output\state_encodings_1tBtgW63TVI_20260201_122324.csv,output\encoding_summary_1tBtgW63TVI_20260201_122324.csv
1XIS9UOwC_Y.mp4,output\state_encodings_1XIS9UOwC_Y_20260201_122400.csv,output\encoding_summary_1XIS9UOwC_Y_20260201_122400.csv
2aCk4KHP-K0.mp4,output\state_encodings_2aCk4KHP-K0_20260201_122436.csv,output\encoding_summary_2aCk4KHP-K0_20260201_122436.csv
2NOe6_DPCzw.mp4,output\state_encodings_2NOe6_DPCzw_20260201_122513.csv,output\encoding_summary_2NOe6_DPCzw_20260201_122513.csv
3BkEfTlLfoA.mp4,output\state_encodings_3BkEfTlLfoA_20260201_122552.csv,output\encoding_summary_3BkEfTlLfoA_20260201_122552.csv
3h_zF5nLVy4.mp4,output\state_encodings_3h_zF5nLVy4_20260201_122629.csv,output\encoding_summary_3h_zF5nLVy4_20260201_122629.csv
3ItkjSXfP6k.mp4,output\state_encodings_3ItkjSXfP6k_20260201_122716.csv,output\encoding_summary_3ItkjSXfP6k_20260201_122716.csv
3KSHg1inZS8.mp4,output\state_encodings_3KSHg1inZS8_20260201_122810.csv,output\encoding_summary_3KSHg1inZS8_20260201_122810.csv
3LsNpm5y-VA.mp4,output\state_encodings_3LsNpm5y-VA_20260201_122903.csv,output\encoding_summary_3LsNpm5y-VA_20260201_122903.csv
3p_-1RjvCmw.mp4,output\state_encodings_3p_-1RjvCmw_20260201_122957.csv,output\encoding_summary_3p_-1RjvCmw_20260201_122957.csv
3PlZn2L6lJA.mp4,output\state_encodings_3PlZn2L6lJA_20260201_123036.csv,output\encoding_summary_3PlZn2L6lJA_20260201_123036.csv
3QsW1X6RE4U.mp4,output\state_encodings_3QsW1X6RE4U_20260201_123109.csv,output\encoding_summary_3QsW1X6RE4U_20260201_123109.csv
3VTdPoH5eGE.mp4,output\state_encodings_3VTdPoH5eGE_20260201_123147.csv,output\encoding_summary_3VTdPoH5eGE_20260201_123147.csv
3Xd6PxEvbNk.mp4,output\state_encodings_3Xd6PxEvbNk_20260201_123221.csv,output\encoding_summary_3Xd6PxEvbNk_20260201_123221.csv
4gFiGGeTp5w.mp4,output\state_encodings_4gFiGGeTp5w_20260201_123254.csv,output\encoding_summary_4gFiGGeTp5w_20260201_123254.csv
5dwPSzpV9pw.mp4,output\state_encodings_5dwPSzpV9pw_20260201_123329.csv,output\encoding_summary_5dwPSzpV9pw_20260201_123329.csv
5F7cUPAOMno.mp4,output\state_encodings_5F7cUPAOMno_20260201_123404.csv,output\encoding_summary_5F7cUPAOMno_20260201_123404.csv
5IrqZnvHUsY.mp4,output\state_encodings_5IrqZnvHUsY_20260201_123439.csv,output\encoding_summary_5IrqZnvHUsY_20260201_123439.csv
5pGjkv5lZXE.mp4,output\state_encodings_5pGjkv5lZXE_20260201_123513.csv,output\encoding_summary_5pGjkv5lZXE_20260201_123513.csv
651RQwxB3WA.mp4,output\state_encodings_651RQwxB3WA_20260201_123547.csv,output\encoding_summary_651RQwxB3WA_20260201_123547.csv
67eBRe-YfEE.mp4,output\state_encodings_67eBRe-YfEE_20260201_123623.csv,output\encoding_summary_67eBRe-YfEE_20260201_123623.csv
6mVcTFd5TzI.mp4,output\state_encodings_6mVcTFd5TzI_20260201_123657.csv,output\encoding_summary_6mVcTFd5TzI_20260201_123657.csv
6WsQv9LKQDQ.mp4,output\state_encodings_6WsQv9LKQDQ_20260201_123732.csv,output\encoding_summary_6WsQv9LKQDQ_20260201_123732.csv
7pftzwaA0iM.mp4,output\state_encodings_7pftzwaA0iM_20260201_123807.csv,output\encoding_summary_7pftzwaA0iM_20260201_123807.csv
7YEUfIVVk9Y.mp4,output\state_encodings_7YEUfIVVk9Y_20260201_123842.csv,output\encoding_summary_7YEUfIVVk9Y_20260201_123842.csv
9DRFJxKHc6g.mp4,output\state_encodings_9DRFJxKHc6g_20260201_123918.csv,output\encoding_summary_9DRFJxKHc6g_20260201_123918.csv
9fKAb-gGLRM.mp4,output\state_encodings_9fKAb-gGLRM_20260201_123955.csv,output\encoding_summary_9fKAb-gGLRM_20260201_123955.csv
9jBSHJJQI5M.mp4,output\state_encodings_9jBSHJJQI5M_20260201_124031.csv,output\encoding_summary_9jBSHJJQI5M_20260201_124031.csv
9kj6f2iSkrI.mp4,output\state_encodings_9kj6f2iSkrI_20260201_124109.csv,output\encoding_summary_9kj6f2iSkrI_20260201_124109.csv
_FjROQyb1C8.mp4,output\state_encodings__FjROQyb1C8_20260201_124144.csv,output\encoding_summary__FjROQyb1C8_20260201_124144.csv
Ac4k5qc-fr0.mp4,output\state_encodings_Ac4k5qc-fr0_20260201_124218.csv,output\encoding_summary_Ac4k5qc-fr0_20260201_124218.csv
ahTF2fb1MQA.mp4,output\state_encodings_ahTF2fb1MQA_20260201_124251.csv,output\encoding_summary_ahTF2fb1MQA_20260201_124251.csv
AJKLxHzIHYY.mp4,output\state_encodings_AJKLxHzIHYY_20260201_124330.csv,output\encoding_summary_AJKLxHzIHYY_20260201_124330.csv
ALFF5620ljk.mp4,output\state_encodings_ALFF5620ljk_20260201_124405.csv,output\encoding_summary_ALFF5620ljk_20260201_124405.csv
Anm6ftbjNDM.mp4,output\state_encodings_Anm6ftbjNDM_20260201_124438.csv,output\encoding_summary_Anm6ftbjNDM_20260201_124438.csv
AuQz_-J2kzc.mp4,output\state_encodings_AuQz_-J2kzc_20260201_124511.csv,output\encoding_summary_AuQz_-J2kzc_20260201_124511.csv
axVjcB30c48.mp4,output\state_encodings_axVjcB30c48_20260201_124543.csv,output\encoding_summary_axVjcB30c48_20260201_124543.csv
aY2Q0gfCr-0.mp4,output\state_encodings_aY2Q0gfCr-0_20260201_124617.csv,output\encoding_summary_aY2Q0gfCr-0_20260201_124617.csv
B3ehIhlZVD8.mp4,output\state_encodings_B3ehIhlZVD8_20260201_124649.csv,output\encoding_summary_B3ehIhlZVD8_20260201_124649.csv
b46xvHwxpcY.mp4,output\state_encodings_b46xvHwxpcY_20260201_124724.csv,output\encoding_summary_b46xvHwxpcY_20260201_124724.csv
bCr5Grrfw4I.mp4,output\state_encodings_bCr5Grrfw4I_20260201_124757.csv,output\encoding_summary_bCr5Grrfw4I_20260201_124757.csv
bEOwjCI1VpE.mp4,output\state_encodings_bEOwjCI1VpE_20260201_124830.csv,output\encoding_summary_bEOwjCI1VpE_20260201_124830.csv
bH0vBs-Sl2o.mp4,output\state_encodings_bH0vBs-Sl2o_20260201_124903.csv,output\encoding_summary_bH0vBs-Sl2o_20260201_124903.csv
BHcNwu_1Hrs.mp4,output\state_encodings_BHcNwu_1Hrs_20260201_124936.csv,output\encoding_summary_BHcNwu_1Hrs_20260201_124936.csv
